level,code,exerciseName,words,noiseLevel,noiseUrl
1,family,Семья,(сын ребёнок мама),0,
2,family,Семья,(отец брат дедушка),0,
3,family,Семья,(бабушка муж внучка),0,
4,family,Семья,(сын ребёнок родители дочь мама папа),0,
5,family,Семья,(отец мать сестра брат дядя дедушка),0,
6,family,Семья,(бабушка муж жена внучка внук внуки),0,
7,family,Семья,(семья тётя дядя племянник племянница родня),0,
8,family,Семья,(фамилия имя отчество родственники друг подружка),0,
9,family,Семья,(свадьба свёкр свекровь невеста жених тёща),0,
10,family,Семья,(тесть брак малыш дети парень девушка),0,
11,family,Семья,(отчим мачеха крёстный крестная прабабушка прадедушка),0,
12,family,Семья,(дружить любить жениться родился встречаться приглашать),0,
13,family,Семья,(крестник правнучка наследник подросток супруг супруга родственник золовка наследство),0,
14,family,Семья,(крестница правнук сирота юноша опекун супруги новорожденный зять наследник),0,
15,family,Семья /+голоса/,(сын ребёнок мама),0,voices
16,family,Семья /+голоса/,(отец брат дедушка),0,voices
17,family,Семья /+голоса/,(бабушка муж внучка),0,voices
18,family,Семья /+голоса/,(сын ребёнок родители дочь мама папа),50,voices
19,family,Семья /+голоса/,(отец мать сестра брат дядя дедушка),50,voices
20,family,Семья /+голоса/,(бабушка муж жена внучка внук внуки),50,voices
21,family,Семья /+голоса/,(семья тётя дядя племянник племянница родня),50,voices
22,family,Семья /+голоса/,(фамилия имя отчество родственники друг подружка),50,voices
23,family,Семья /+голоса/,(свадьба свёкр свекровь невеста жених тёща),50,voices
24,family,Семья /+голоса/,(тесть брак малыш дети парень девушка),50,voices
25,family,Семья /+голоса/,(отчим мачеха крёстный крестная прабабушка прадедушка),50,voices
26,family,Семья /+голоса/,(дружить любить жениться родился встречаться приглашать),50,voices
27,family,Семья /+голоса/,(крестник правнучка наследник подросток супруг супруга родственник золовка наследство),50,voices
28,family,Семья /+голоса/,(крестница правнук сирота юноша опекун супруги новорожденный зять наследник),50,voices
1,home,Любимый дом,(дом окно лестница),0,
2,home,Любимый дом,(диван картина стул),0,
3,home,Любимый дом,(подушка шкаф часы),0,
4,home,Любимый дом,(дом окно лестница замок дверь ключ),0,
5,home,Любимый дом,(диван картина стул стол штора кровать),0,
6,home,Любимый дом,(подушка шкаф часы комод зеркало полочка),0,
7,home,Любимый дом,(ванна спальня душ туалет коридор кухня),0,
8,home,Любимый дом,(лифт плита пылесос шкафчик комната унитаз),0,
9,home,Любимый дом,(гостиная зал балкон телевизор стенка кресло),0,
10,home,Любимый дом,(пол подвал раковина розетка телефон ящик),0,
11,home,Любимый дом,(утюг подоконник обои полотенце розетка сад),0,
12,home,Любимый дом,(закипает работает звонит включить выключить льётся),0,
13,home,Любимый дом,(лоджия домофон подушка радиатор пыль веранда мангал качели простыня),0,
14,home,Любимый дом,(радио компьютер дымоход плита жалюзи пододеяльник матрац кран плед),0,
15,home,Любимый дом /+малый шум/,(дом окно лестница),6,
16,home,Любимый дом /+малый шум/,(диван картина стул),6,
17,home,Любимый дом /+малый шум/,(подушка шкаф часы),6,
18,home,Любимый дом /+малый шум/,(дом окно лестница замок дверь ключ),6,
19,home,Любимый дом /+малый шум/,(диван картина стул стол штора кровать),6,
20,home,Любимый дом /+малый шум/,(подушка шкаф часы комод зеркало полочка),6,
21,home,Любимый дом /+малый шум/,(ванна спальня душ туалет коридор кухня),6,
22,home,Любимый дом /+малый шум/,(лифт плита пылесос шкафчик комната унитаз),6,
23,home,Любимый дом /+малый шум/,(гостиная зал балкон телевизор стенка кресло),6,
24,home,Любимый дом /+малый шум/,(пол подвал раковина розетка телефон ящик),6,
25,home,Любимый дом /+малый шум/,(утюг подоконник обои полотенце розетка сад),6,
26,home,Любимый дом /+малый шум/,(закипает работает звонит включить выключить льётся),6,
27,home,Любимый дом /+малый шум/,(лоджия домофон подушка радиатор пыль веранда мангал качели простыня),6,
28,home,Любимый дом /+малый шум/,(радио компьютер дымоход плита жалюзи пододеяльник матрац кран плед),6,
29,home,Любимый дом /+средний шум/,(дом окно лестница),20,
30,home,Любимый дом /+средний шум/,(диван картина стул),20,
31,home,Любимый дом /+средний шум/,(подушка шкаф часы),20,
32,home,Любимый дом /+средний шум/,(дом окно лестница замок дверь ключ),20,
33,home,Любимый дом /+средний шум/,(диван картина стул стол штора кровать),20,
34,home,Любимый дом /+средний шум/,(подушка шкаф часы комод зеркало полочка),20,
35,home,Любимый дом /+средний шум/,(ванна спальня душ туалет коридор кухня),20,
36,home,Любимый дом /+средний шум/,(лифт плита пылесос шкафчик комната унитаз),20,
37,home,Любимый дом /+средний шум/,(гостиная зал балкон телевизор стенка кресло),20,
38,home,Любимый дом /+средний шум/,(пол подвал раковина розетка телефон ящик),20,
39,home,Любимый дом /+средний шум/,(утюг подоконник обои полотенце розетка сад),20,
40,home,Любимый дом /+средний шум/,(закипает работает звонит включить выключить льётся),20,
41,home,Любимый дом /+средний шум/,(лоджия домофон подушка радиатор пыль веранда мангал качели простыня),20,
42,home,Любимый дом /+средний шум/,(радио компьютер дымоход плита жалюзи пододеяльник матрац кран плед),20,
43,home,Любимый дом /+тяжелый шум/,(дом окно лестница),40,
44,home,Любимый дом /+тяжелый шум/,(диван картина стул),40,
45,home,Любимый дом /+тяжелый шум/,(подушка шкаф часы),40,
46,home,Любимый дом /+тяжелый шум/,(дом окно лестница замок дверь ключ),40,
47,home,Любимый дом /+тяжелый шум/,(диван картина стул стол штора кровать),40,
48,home,Любимый дом /+тяжелый шум/,(подушка шкаф часы комод зеркало полочка),40,
49,home,Любимый дом /+тяжелый шум/,(ванна спальня душ туалет коридор кухня),40,
50,home,Любимый дом /+тяжелый шум/,(лифт плита пылесос шкафчик комната унитаз),40,
51,home,Любимый дом /+тяжелый шум/,(гостиная зал балкон телевизор стенка кресло),40,
52,home,Любимый дом /+тяжелый шум/,(пол подвал раковина розетка телефон ящик),40,
53,home,Любимый дом /+тяжелый шум/,(утюг подоконник обои полотенце розетка сад),40,
54,home,Любимый дом /+тяжелый шум/,(закипает работает звонит включить выключить льётся),40,
55,home,Любимый дом /+тяжелый шум/,(лоджия домофон подушка радиатор пыль веранда мангал качели простыня),40,
56,home,Любимый дом /+тяжелый шум/,(радио компьютер дымоход плита жалюзи пододеяльник матрац кран плед),40,
1,food,Что я ем,(каша суп сосиски),0,
2,food,Что я ем,(морковь помидор лук),0,
3,food,Что я ем,(огурец чай яйцо),0,
4,food,Что я ем,(каша суп сосиски торт хлеб компот),0,
5,food,Что я ем,(морковь помидор лук сыр яблоко банан),0,
6,food,Что я ем,(огурец брокколи чай пирожное конфета яйцо),0,
7,food,Что я ем,(бифштекс пюре сок кофе мороженое коктейль),0,
8,food,Что я ем,(пицца фри бургер кола капуста котлета),0,
9,food,Что я ем,(сыр творог молоко сметана батон хлеб),0,
10,food,Что я ем,(лазанья запеканка омлет яичница тост зелень),0,
11,food,Что я ем,(салат масло сахар соль перец какао),0,
12,food,Что я ем,(ем обедаю завтракаю ужинаю варю жарю),0,
13,food,Что я ем,(пончик мюсли ветчина джем варенье йогурт свинина говядина индейка),0,
14,food,Что я ем,(рыба морепродукты сэндвич бутерброд баклажан чеснок ягода пирог кефир),0,
15,food,Что я ем /+шум толпы/,(каша суп сосиски),0,crowd
16,food,Что я ем /+шум толпы/,(морковь помидор лук),0,crowd
17,food,Что я ем /+шум толпы/,(огурец чай яйцо),0,crowd
18,food,Что я ем /+шум толпы/,(каша суп сосиски торт хлеб компот),50,crowd
19,food,Что я ем /+шум толпы/,(морковь помидор лук сыр яблоко банан),50,crowd
20,food,Что я ем /+шум толпы/,(огурец брокколи чай пирожное конфета яйцо),50,crowd
21,food,Что я ем /+шум толпы/,(бифштекс пюре сок кофе мороженое коктейль),50,crowd
22,food,Что я ем /+шум толпы/,(пицца фри бургер кола капуста котлета),50,crowd
23,food,Что я ем /+шум толпы/,(сыр творог молоко сметана батон хлеб),50,crowd
24,food,Что я ем /+шум толпы/,(лазанья запеканка омлет яичница тост зелень),50,crowd
25,food,Что я ем /+шум толпы/,(салат масло сахар соль перец какао),50,crowd
26,food,Что я ем /+шум толпы/,(ем обедаю завтракаю ужинаю варю жарю),50,crowd
27,food,Что я ем /+шум толпы/,(пончик мюсли ветчина джем варенье йогурт свинина говядина индейка),50,crowd
28,food,Что я ем /+шум толпы/,(рыба морепродукты сэндвич бутерброд баклажан чеснок ягода пирог кефир),50,crowd
1,clothes,Одежда,(носки кофта колготы),0,
2,clothes,Одежда,(свитер пуховик шарф),0,
3,clothes,Одежда,(юбка футболка плащ),0,
4,clothes,Одежда,(майка носки кофта трусы куртка колготы),0,
5,clothes,Одежда,(платье рубашка штаны свитер пуховик шарф),0,
6,clothes,Одежда,(юбка футболка брюки гольфы плащ пижама),0,
7,clothes,Одежда,(шуба сарафан шорты топ костюм рубашка),0,
8,clothes,Одежда,(пальто толстовка халат пиджак купальник джинсы),0,
9,clothes,Одежда,(ветровка капри плавки жакет халат форма),0,
10,clothes,Одежда,(парка комбинезон блузка жилет бельё перчатки),0,
11,clothes,Одежда,(обуться померить одеться раздеться снять постирать),0,
12,clothes,Одежда,(полупальто леггинсы фартук варежки дубленка джемпер),0,
13,clothes,Одежда,(дождевик худи парео сорочка кардиган водолазка гетры фуфайка шуба),0,
14,clothes,Одежда,(шапка мундир безрукавка следки боди тенниска бриджи мантия чулки),0,
15,clothes,Одежда /+малый шум/,(майка носки кофта трусы куртка колготы),6,
16,clothes,Одежда /+малый шум/,(платье рубашка штаны свитер пуховик шарф),6,
17,clothes,Одежда /+малый шум/,(юбка футболка брюки гольфы плащ пижама),6,
18,clothes,Одежда /+малый шум/,(шуба сарафан шорты топ костюм рубашка),6,
19,clothes,Одежда /+малый шум/,(пальто толстовка халат пиджак купальник джинсы),6,
20,clothes,Одежда /+малый шум/,(ветровка капри плавки жакет халат форма),6,
21,clothes,Одежда /+малый шум/,(парка комбинезон блузка жилет бельё перчатки),6,
22,clothes,Одежда /+малый шум/,(обуться померить одеться раздеться снять постирать),6,
23,clothes,Одежда /+малый шум/,(полупальто леггинсы фартук варежки дубленка джемпер),6,
24,clothes,Одежда /+малый шум/,(дождевик худи парео сорочка кардиган водолазка гетры фуфайка шуба),6,
25,clothes,Одежда /+малый шум/,(шапка мундир безрукавка следки боди тенниска бриджи мантия чулки),6,
26,clothes,Одежда /+средний шум/,(майка носки кофта трусы куртка колготы),20,
27,clothes,Одежда /+средний шум/,(платье рубашка штаны свитер пуховик шарф),20,
28,clothes,Одежда /+средний шум/,(юбка футболка брюки гольфы плащ пижама),20,
29,clothes,Одежда /+средний шум/,(шуба сарафан шорты топ костюм рубашка),20,
30,clothes,Одежда /+средний шум/,(пальто толстовка халат пиджак купальник джинсы),20,
31,clothes,Одежда /+средний шум/,(ветровка капри плавки жакет халат форма),20,
32,clothes,Одежда /+средний шум/,(парка комбинезон блузка жилет бельё перчатки),20,
33,clothes,Одежда /+средний шум/,(обуться померить одеться раздеться снять постирать),20,
34,clothes,Одежда /+средний шум/,(полупальто леггинсы фартук варежки дубленка джемпер),20,
35,clothes,Одежда /+средний шум/,(дождевик худи парео сорочка кардиган водолазка гетры фуфайка шуба),20,
36,clothes,Одежда /+средний шум/,(шапка мундир безрукавка следки боди тенниска бриджи мантия чулки),20,
37,clothes,Одежда /+тяжелый шум/,(майка носки кофта трусы куртка колготы),40,
38,clothes,Одежда /+тяжелый шум/,(платье рубашка штаны свитер пуховик шарф),40,
39,clothes,Одежда /+тяжелый шум/,(юбка футболка брюки гольфы плащ пижама),40,
40,clothes,Одежда /+тяжелый шум/,(шуба сарафан шорты топ костюм рубашка),40,
41,clothes,Одежда /+тяжелый шум/,(пальто толстовка халат пиджак купальник джинсы),40,
42,clothes,Одежда /+тяжелый шум/,(ветровка капри плавки жакет халат форма),40,
43,clothes,Одежда /+тяжелый шум/,(парка комбинезон блузка жилет бельё перчатки),40,
44,clothes,Одежда /+тяжелый шум/,(обуться померить одеться раздеться снять постирать),40,
45,clothes,Одежда /+тяжелый шум/,(полупальто леггинсы фартук варежки дубленка джемпер),40,
46,clothes,Одежда /+тяжелый шум/,(дождевик худи парео сорочка кардиган водолазка гетры фуфайка шуба),40,
47,clothes,Одежда /+тяжелый шум/,(шапка мундир безрукавка следки боди тенниска бриджи мантия чулки),40,
1,school,В школе,(учитель двор директор),0,
2,school,В школе,(класс кабинет столовая),0,
3,school,В школе,(парта шкаф полки),0,
4,school,В школе,(школа крыльцо двор учитель ученик директор),0,
5,school,В школе,(класс кабинет зал столовая коридор туалет),0,
6,school,В школе,(доска парта стул тумба шкаф полки),0,
7,school,В школе,(завуч воспитатель вахтер буфет дорожка правило),0,
8,school,В школе,(учебник тетрадь журнал дневник мел указка),0,
9,school,В школе,(ручка карандаш линейка бумага ножницы клей),0,
10,school,В школе,(перемена урок звонок форма каникулы четверть),0,
11,school,В школе,(мяч канат сетка кольцо скакалка мат),0,
12,school,В школе,(отвечать решать читать писать говорить думать),0,
13,school,В школе,(пандус бордюр покрытие щит кегли стадион мишень бревно стойка),0,
14,school,В школе,(секундомер соревнование эстафета снаряд трибуна свисток инструмент выпускной учительская),0,
15,school,В школе /+голоса/,(учитель двор директор),0,voices
16,school,В школе /+голоса/,(класс кабинет столовая),0,voices
17,school,В школе /+голоса/,(парта шкаф полки),0,voices
18,school,В школе /+голоса/,(школа крыльцо двор учитель ученик директор),50,voices
19,school,В школе /+голоса/,(класс кабинет зал столовая коридор туалет),50,voices
20,school,В школе /+голоса/,(доска парта стул тумба шкаф полки),50,voices
21,school,В школе /+голоса/,(завуч воспитатель вахтер буфет дорожка правило),50,voices
22,school,В школе /+голоса/,(учебник тетрадь журнал дневник мел указка),50,voices
23,school,В школе /+голоса/,(ручка карандаш линейка бумага ножницы клей),50,voices
24,school,В школе /+голоса/,(перемена урок звонок форма каникулы четверть),50,voices
25,school,В школе /+голоса/,(мяч канат сетка кольцо скакалка мат),50,voices
26,school,В школе /+голоса/,(отвечать решать читать писать говорить думать),50,voices
27,school,В школе /+голоса/,(пандус бордюр покрытие щит кегли стадион мишень бревно стойка),50,voices
28,school,В школе /+голоса/,(секундомер соревнование эстафета снаряд трибуна свисток инструмент выпускной учительская),50,voices
1,math,Математика,(один три одиннадцать),0,
2,math,Математика,(ноль два четыре),0,
3,math,Математика,(двенадцать тысяча миллион),0,
4,math,Математика,(один три пять семь девять одиннадцать),0,
5,math,Математика,(ноль два четыре шесть восемь десять),0,
6,math,Математика,(двенадцать четырнадцать шестнадцать восемнадцать тысяча миллион),0,
7,math,Математика,(тринадцать пятнадцать семнадцать девятнадцать двадцать тридцать),0,
8,math,Математика,(пятьдесят сорок шестьдесят восемьдесят девяносто сто),0,
9,math,Математика,(линия равно плюс минус умножение деление),0,
10,math,Математика,(пример линейка упражнение решать считать круг),0,
11,math,Математика,(математика сумма задача линейка сантиметр миллиметр),0,
12,math,Математика,(циркуль килограмм грамм дециметр тонна центнер),0,
13,math,Математика,(умножаю вычитаю делю сумма прибавляю час секунда минута сутки),0,
14,math,Математика /+малый шум/,(один три пять семь девять одиннадцать),6,
15,math,Математика /+малый шум/,(ноль два четыре шесть восемь десять),6,
16,math,Математика /+малый шум/,(двенадцать четырнадцать шестнадцать восемнадцать тысяча миллион),6,
17,math,Математика /+малый шум/,(тринадцать пятнадцать семнадцать девятнадцать двадцать тридцать),6,
18,math,Математика /+малый шум/,(пятьдесят сорок шестьдесят восемьдесят девяносто сто),6,
19,math,Математика /+малый шум/,(линия равно плюс минус умножение деление),6,
20,math,Математика /+малый шум/,(пример линейка упражнение решать считать круг),6,
21,math,Математика /+малый шум/,(математика сумма задача линейка сантиметр миллиметр),6,
22,math,Математика /+малый шум/,(циркуль килограмм грамм дециметр тонна центнер),6,
23,math,Математика /+малый шум/,(умножаю вычитаю делю сумма прибавляю час секунда минута сутки),6,
24,math,Математика /+средний шум/,(один три пять семь девять одиннадцать),20,
25,math,Математика /+средний шум/,(ноль два четыре шесть восемь десять),20,
26,math,Математика /+средний шум/,(двенадцать четырнадцать шестнадцать восемнадцать тысяча миллион),20,
27,math,Математика /+средний шум/,(тринадцать пятнадцать семнадцать девятнадцать двадцать тридцать),20,
28,math,Математика /+средний шум/,(пятьдесят сорок шестьдесят восемьдесят девяносто сто),20,
29,math,Математика /+средний шум/,(линия равно плюс минус умножение деление),20,
30,math,Математика /+средний шум/,(пример линейка упражнение решать считать круг),20,
31,math,Математика /+средний шум/,(математика сумма задача линейка сантиметр миллиметр),20,
32,math,Математика /+средний шум/,(циркуль килограмм грамм дециметр тонна центнер),20,
33,math,Математика /+средний шум/,(умножаю вычитаю делю сумма прибавляю час секунда минута сутки),20,
34,math,Математика /+тяжелый шум/,(один три пять семь девять одиннадцать),40,
35,math,Математика /+тяжелый шум/,(ноль два четыре шесть восемь десять),40,
36,math,Математика /+тяжелый шум/,(двенадцать четырнадцать шестнадцать восемнадцать тысяча миллион),40,
37,math,Математика /+тяжелый шум/,(тринадцать пятнадцать семнадцать девятнадцать двадцать тридцать),40,
38,math,Математика /+тяжелый шум/,(пятьдесят сорок шестьдесят восемьдесят девяносто сто),40,
39,math,Математика /+тяжелый шум/,(линия равно плюс минус умножение деление),40,
40,math,Математика /+тяжелый шум/,(пример линейка упражнение решать считать круг),40,
41,math,Математика /+тяжелый шум/,(математика сумма задача линейка сантиметр миллиметр),40,
42,math,Математика /+тяжелый шум/,(циркуль килограмм грамм дециметр тонна центнер),40,
43,math,Математика /+тяжелый шум/,(умножаю вычитаю делю сумма прибавляю час секунда минута сутки),40,
1,pets,Домашние питомцы,(кот собака хомяк),0,
2,pets,Домашние питомцы,(лает мяукает чирикает),0,
3,pets,Домашние питомцы,(миска корм поилка),0,
4,pets,Домашние питомцы,(кот собака хомяк черепаха кролик попугай),0,
5,pets,Домашние питомцы,(лает мяукает чирикает прыгает бегает ползает),0,
6,pets,Домашние питомцы,(клетка миска корм поилка колесо аквариум),0,
7,pets,Домашние питомцы,(рыбки щенок котики лоток крысы хорек),0,
8,pets,Домашние питомцы,(поводок ошейник будка вольер хозяин команда),0,
9,pets,Домашние питомцы,(переноска ветеринар игрушка террариум овчарка лабрадор),0,
10,pets,Домашние питомцы,(любить ухаживать гладить мыть учить тренировать),0,
11,pets,Домашние питомцы,(петушок лапомойка котёнок мопс наполнитель шерсть),0,
12,pets,Домашние питомцы,(вычёсывать чистить подстригать купировать прививать ветеринар фильтр сетка шиншила),0,
13,pets,Домашние питомцы,(когтеточка домик болонка боксёр бигль лабрадор колли такса бульдог),0,
14,pets,Домашние питомцы,(короткошерстная длинношерстная стрижка грумер питомец выставка паспорт порода родословная),0,
15,pets,Домашние питомцы /+шум толпы/,(кот собака хомяк черепаха кролик попугай),50,crowd
16,pets,Домашние питомцы /+шум толпы/,(лает мяукает чирикает прыгает бегает ползает),50,crowd
17,pets,Домашние питомцы /+шум толпы/,(клетка миска корм поилка колесо аквариум),50,crowd
18,pets,Домашние питомцы /+шум толпы/,(рыбки щенок котики лоток крысы хорек),50,crowd
19,pets,Домашние питомцы /+шум толпы/,(поводок ошейник будка вольер хозяин команда),50,crowd
20,pets,Домашние питомцы /+шум толпы/,(переноска ветеринар игрушка террариум овчарка лабрадор),50,crowd
21,pets,Домашние питомцы /+шум толпы/,(любить ухаживать гладить мыть учить тренировать),50,crowd
22,pets,Домашние питомцы /+шум толпы/,(петушок лапомойка котёнок мопс наполнитель шерсть),50,crowd
23,pets,Домашние питомцы /+шум толпы/,(вычёсывать чистить подстригать купировать прививать ветеринар фильтр сетка шиншила),50,crowd
24,pets,Домашние питомцы /+шум толпы/,(когтеточка домик болонка боксёр бигль лабрадор колли такса бульдог),50,crowd
25,pets,Домашние питомцы /+шум толпы/,(короткошерстная длинношерстная стрижка грумер питомец выставка паспорт порода родословная),50,crowd
1,animals,Мир животных,(бык козёл бегемот),0,
2,animals,Мир животных,(жираф гусь цыплёнок),0,
3,animals,Мир животных,(лиса волк медведь),0,
4,animals,Мир животных,(конь бык козёл бегемот баран крокодил),0,
5,animals,Мир животных,(жираф утка гусь индюк перепёлка цыплёнок),0,
6,animals,Мир животных,(лиса волк медведь заяц ёж белка),0,
7,animals,Мир животных,(сова кукушка ласточка страус соловей чайка),0,
8,animals,Мир животных,(воробей сорока ворона голубь снегирь синица),0,
9,animals,Мир животных,(жук бабочка муха комар стрекоза мошка),0,
10,animals,Мир животных,(окунь щука сом форель карп плотва),0,
11,animals,Мир животных,(змея ящерица жаба крокодил уж черепаха),0,
12,animals,Мир животных,(утконос бизон зубр тетерев соболь як шершень сверчок скат),0,
13,animals,Мир животных,(тритон шакал дикобраз бурундук морж цесарка тля богомол касатка),0,
14,animals,Мир животных /+шум толпы/,(бегать прыгать летать охотиться спать лежать),0,
15,animals,Мир животных /+шум толпы/,(конь бык козёл бегемот баран крокодил),50,crowd
16,animals,Мир животных /+шум толпы/,(жираф утка гусь индюк перепёлка цыплёнок),50,crowd
17,animals,Мир животных /+шум толпы/,(лиса волк медведь заяц ёж белка),50,crowd
18,animals,Мир животных /+шум толпы/,(сова кукушка ласточка страус соловей чайка),50,crowd
19,animals,Мир животных /+шум толпы/,(воробей сорока ворона голубь снегирь синица),50,crowd
20,animals,Мир животных /+шум толпы/,(жук бабочка муха комар стрекоза мошка),50,crowd
21,animals,Мир животных /+шум толпы/,(окунь щука сом форель карп плотва),50,crowd
22,animals,Мир животных /+шум толпы/,(змея ящерица жаба крокодил уж черепаха),50,crowd
23,animals,Мир животных /+шум толпы/,(утконос бизон зубр тетерев соболь як шершень сверчок скат),50,crowd
24,animals,Мир животных /+шум толпы/,(тритон шакал дикобраз бурундук морж цесарка тля богомол касатка),50,crowd
25,animals,Мир животных /+шум толпы/,(бегать прыгать летать охотиться спать лежать),50,crowd
1,transport,Транспорт,(машина велосипед скутер),0,
2,transport,Транспорт,(автобус такси поезд),0,
3,transport,Транспорт,( грузовик фура мусоровоз),0,
4,transport,Транспорт,(машина велосипед мотоцикл самокат скутер велобег),0,
5,transport,Транспорт,(автобус троллейбус трамвай метро такси поезд),0,
6,transport,Транспорт,(грузовик фургон фура мусоровоз лесовоз автовоз),0,
7,transport,Транспорт,(кран экскаватор погрузчик бульдозер каток цементовоз),0,
8,transport,Транспорт,(самолёт вертолёт аэроплан ракета дирижабль пароход),0,
9,transport,Транспорт,(корабль лодка катер катамаран парусник яхта),0,
10,transport,Транспорт,(паровоз вагон кабина место билет проход),0,
11,transport,Транспорт,(водитель машинист пилот капитан проводник стюардесса),0,
12,transport,Транспорт,(греметь ехать останавливаться лететь рыть катиться),0,
13,transport,Транспорт,(гараж ангар депо автопарк вокзал аэропорт порт пристань платформа),0,
14,transport,Транспорт,(карета телега повозка кибитка турникет перрон палуба контролер эскалатор),0,
15,transport,Транспорт /+шум города/,(машина велосипед мотоцикл самокат скутер велобег),50,city
16,transport,Транспорт /+шум города/,(автобус троллейбус трамвай метро такси поезд),50,city
17,transport,Транспорт /+шум города/,(грузовик фургон фура мусоровоз лесовоз автовоз),50,city
18,transport,Транспорт /+шум города/,(кран экскаватор погрузчик бульдозер каток цементовоз),50,city
19,transport,Транспорт /+шум города/,(самолёт вертолёт аэроплан ракета дирижабль пароход),50,city
20,transport,Транспорт /+шум города/,(корабль лодка катер катамаран парусник яхта),50,city
21,transport,Транспорт /+шум города/,(паровоз вагон кабина место билет проход),50,city
22,transport,Транспорт /+шум города/,(водитель машинист пилот капитан проводник стюардесса),50,city
23,transport,Транспорт /+шум города/,(греметь ехать останавливаться лететь рыть катиться),50,city
24,transport,Транспорт /+шум города/,(гараж ангар депо автопарк вокзал аэропорт порт пристань платформа),50,city
25,transport,Транспорт /+шум города/,(карета телега повозка кибитка турникет перрон палуба контролер эскалатор),50,city
1,colors,Цвета и форма,(красный синий зелёный),0,
2,colors,Цвета и форма,(оранжевый коричневый фиолетовый),0,
3,colors,Цвета и форма,(круг квадрат треугольник),0,
4,colors,Цвета и форма,(красный синий зелёный жёлтый белый чёрный),0,
5,colors,Цвета и форма,(оранжевый коричневый фиолетовый розовый голубой серый),0,
6,colors,Цвета и форма,(круг квадрат треугольник овал шестиугольник прямоугольник),0,
7,colors,Цвета и форма,(месяц звезда сердце прямая кривая ломаная),0,
8,colors,Цвета и форма,(трапеция ромб многоугольник четырехугольник пятиугольник круг),0,
9,colors,Цвета и форма,(малюсенький маленький средний большой огромный громадный),0,
10,colors,Цвета и форма,(малиновый салатовый персиковый бежевый молочный алый),0,
11,colors,Цвета и форма,(куб шар пирамида конус цилиндр параллелепипед),0,
12,colors,Цвета и форма,(нарисовать обвести вырезать измерить посчитать вычислить),0,
13,colors,Цвета и форма,(сфера призма эллипсоид кольцо параллелограмм луч полукруг полумесяц ромб),0,
14,colors,Цвета и форма,(бордовый сиреневый терракотовый изумрудный хаки фуксия песочный меланж зелёный),0,
15,colors,Цвета и форма /+малый шум/,(красный синий зелёный жёлтый белый чёрный),6,
16,colors,Цвета и форма /+малый шум/,(оранжевый коричневый фиолетовый розовый голубой серый),6,
17,colors,Цвета и форма /+малый шум/,(круг квадрат треугольник овал шестиугольник прямоугольник),6,
18,colors,Цвета и форма /+малый шум/,(месяц звезда сердце прямая кривая ломаная),6,
19,colors,Цвета и форма /+малый шум/,(трапеция ромб многоугольник четырехугольник пятиугольник круг),6,
20,colors,Цвета и форма /+малый шум/,(малюсенький маленький средний большой огромный громадный),6,
21,colors,Цвета и форма /+малый шум/,(малиновый салатовый персиковый бежевый молочный алый),6,
22,colors,Цвета и форма /+малый шум/,(куб шар пирамида конус цилиндр параллелепипед),6,
23,colors,Цвета и форма /+малый шум/,(нарисовать обвести вырезать измерить посчитать вычислить),6,
24,colors,Цвета и форма /+малый шум/,(сфера призма эллипсоид кольцо параллелограмм луч полукруг полумесяц куб),6,
25,colors,Цвета и форма /+малый шум/,(бордовый сиреневый терракотовый изумрудный хаки фуксия песочный меланж фиолетовый),6,
26,colors,Цвета и форма /+средний шум/,(красный синий зелёный жёлтый белый чёрный),20,
27,colors,Цвета и форма /+средний шум/,(оранжевый коричневый фиолетовый розовый голубой серый),20,
28,colors,Цвета и форма /+средний шум/,(круг квадрат треугольник овал шестиугольник прямоугольник),20,
29,colors,Цвета и форма /+средний шум/,(месяц звезда сердце прямая кривая ломаная),20,
30,colors,Цвета и форма /+средний шум/,(трапеция ромб многоугольник четырехугольник пятиугольник круг),20,
31,colors,Цвета и форма /+средний шум/,(малюсенький маленький средний большой огромный громадный),20,
32,colors,Цвета и форма /+средний шум/,(малиновый салатовый персиковый бежевый молочный алый),20,
33,colors,Цвета и форма /+средний шум/,(куб шар пирамида конус цилиндр параллелепипед),20,
34,colors,Цвета и форма /+средний шум/,(нарисовать обвести вырезать измерить посчитать вычислить),20,
35,colors,Цвета и форма /+средний шум/,(сфера призма эллипсоид кольцо параллелограмм луч полукруг полумесяц овал),20,
36,colors,Цвета и форма /+средний шум/,(бордовый сиреневый терракотовый изумрудный хаки фуксия песочный меланж салатовый),20,
37,colors,Цвета и форма /+тяжелый шум/,(красный синий зелёный жёлтый белый чёрный),40,
38,colors,Цвета и форма /+тяжелый шум/,(оранжевый коричневый фиолетовый розовый голубой серый),40,
39,colors,Цвета и форма /+тяжелый шум/,(круг квадрат треугольник овал шестиугольник прямоугольник),40,
40,colors,Цвета и форма /+тяжелый шум/,(месяц звезда сердце прямая кривая ломаная),40,
41,colors,Цвета и форма /+тяжелый шум/,(трапеция ромб многоугольник четырехугольник пятиугольник круг),40,
42,colors,Цвета и форма /+тяжелый шум/,(малюсенький маленький средний большой огромный громадный),40,
43,colors,Цвета и форма /+тяжелый шум/,(малиновый салатовый персиковый бежевый молочный алый),40,
44,colors,Цвета и форма /+тяжелый шум/,(куб шар пирамида конус цилиндр параллелепипед),40,
45,colors,Цвета и форма /+тяжелый шум/,(нарисовать обвести вырезать измерить посчитать вычислить),40,
46,colors,Цвета и форма /+тяжелый шум/,(сфера призма эллипсоид кольцо параллелограмм луч полукруг полумесяц шар),40,
47,colors,Цвета и форма /+тяжелый шум/,(бордовый сиреневый терракотовый изумрудный хаки фуксия песочный меланж персиковый),40,
1,city,В городе,(дом улица больница),0,
2,city,В городе,(автобус лифт музей),0,
3,city,В городе,(парк рынок аттракционы),0,
4,city,В городе,(дом улица автомобиль кино магазин больница),0,
5,city,В городе,(парк рынок мост школа больница аттракционы),0,
6,city,В городе,(горка автобус стоянка лифт музей светофор),0,
7,city,В городе,(лифт клумба скамейка киоск песочница качели),0,
8,city,В городе,(касса аптека булочная кафе памятник зоопарк),0,
9,city,В городе,(театр фонтан вокзал цирк стадион бассейн),0,
10,city,В городе,(почта магазин ресторан университет супермаркет вокзал),0,
11,city,В городе,(банк универсам арка велодорожка универмаг пиццерия),0,
12,city,В городе,(очередь остановка двери фонарь аллея колледж),0,
13,city,В городе,(шумит гудит поют разговаривают сигналят гремят),0,
14,city,В городе,(трамвай эскалатор бар тротуар мост метро церковь костел мэр),0,
15,city,В городе,(площадь троллейбус пляж витрина аэропорт перекресток парковка гараж шлагбаум),0,
16,city,В городе /+шум города/,(дом улица автомобиль кино магазин больница),50,city
17,city,В городе /+шум города/,(парк рынок мост школа больница аттракционы),50,city
18,city,В городе /+шум города/,(горка автобус стоянка лифт музей светофор),50,city
19,city,В городе /+шум города/,(лифт клумба скамейка киоск песочница качели),50,city
20,city,В городе /+шум города/,(касса аптека булочная кафе памятник зоопарк),50,city
21,city,В городе /+шум города/,(театр фонтан вокзал цирк стадион бассейн),50,city
22,city,В городе /+шум города/,(почта магазин ресторан университет супермаркет вокзал),50,city
23,city,В городе /+шум города/,(банк универсам арка велодорожка универмаг пиццерия),50,city
24,city,В городе /+шум города/,(очередь остановка двери фонарь аллея колледж),50,city
25,city,В городе /+шум города/,(шумит гудит поют разговаривают сигналят гремят),50,city
26,city,В городе /+шум города/,(трамвай эскалатор бар тротуар мост метро церковь костел мэр),50,city
27,city,В городе /+шум города/,(площадь троллейбус пляж витрина аэропорт перекресток парковка гараж шлагбаум),50,city
1,country,В деревне,(сад деревня коса),0,
2,country,В деревне,(луг сарай дерево),0,
3,country,В деревне,(лес труба ворота),0,
4,country,В деревне,(сад деревня усадьба сад лопата коса),0,
5,country,В деревне,(луг двор топор сарай дерево трава),0,
6,country,В деревне,(лес труба улица забор ворота скамейка),0,
7,country,В деревне,(печка земля грядка поле грабли скот),0,
8,country,В деревне,(огород трактор роща зерно колодец крыльцо),0,
9,country,В деревне,(стог урожай будка беседка мангал ферма),0,
10,country,В деревне,(курятник коровник пчеловод грядка изгородь пастбище),0,
11,country,В деревне,(пугало конюшня амбар фермер улей сено),0,
12,country,В деревне,(кукарекает кудахчет гогочет хрюкает лает ржёт),0,
13,country,В деревне,(хутор дрова удобрение река хозяйство коттедж куст дорожка собака),0,
14,country,В деревне,(дача стадо ручей чучело пастбище почва роща кустарник лес),0,
15,country,В деревне /+шум толпы/,(сад деревня усадьба сад лопата коса),50,crowd
16,country,В деревне /+шум толпы/,(луг двор топор сарай дерево трава),50,crowd
17,country,В деревне /+шум толпы/,(лес труба улица забор ворота скамейка),50,crowd
18,country,В деревне /+шум толпы/,(печка земля грядка поле грабли скот),50,crowd
19,country,В деревне /+шум толпы/,(огород трактор роща зерно колодец крыльцо),50,crowd
20,country,В деревне /+шум толпы/,(стог урожай будка беседка мангал ферма),50,crowd
21,country,В деревне /+шум толпы/,(курятник коровник пчеловод грядка изгородь пастбище),50,crowd
22,country,В деревне /+шум толпы/,(пугало конюшня амбар фермер улей сено),50,crowd
23,country,В деревне /+шум толпы/,(кукарекает кудахчет гогочет хрюкает лает ржёт),50,crowd
24,country,В деревне /+шум толпы/,(хутор дрова удобрение река хозяйство коттедж куст дорожка),50,crowd
25,country,В деревне /+шум толпы/,(дача стадо ручей чучело пастбище почва роща кустарник),50,crowd
1,walk,На прогулке,(парк качели мяч),0,
2,walk,На прогулке,(самокат прятки мел),0,
3,walk,На прогулке,(дорога тротуар светофор),0,
4,walk,На прогулке,(парк горка качели площадка мяч игрушки),0,
5,walk,На прогулке,(качели самокат прятки мел сачок покрывало),0,
6,walk,На прогулке,(дорога тротуар переход светофор знак зебра),0,
7,walk,На прогулке,(играет идёт бежит едет катается прогуливается),0,
8,walk,На прогулке,(дует светит льёт опадает кружит тает),0,
9,walk,На прогулке,(прыгает рисует прячется ищет ловит съезжает),0,
10,walk,На прогулке,(светло хмуро пасмурно солнечно дождливо ясно),0,
11,walk,На прогулке,(сквер проспект площадь памятник река озеро),0,
12,walk,На прогулке,(заря мгла штиль водоём водохранилище водопад лесопарк фонтан метр),0,
13,walk,На прогулке,(моросит заливает заносит восходит заходит сияет переливается гремит ясно),0,
14,walk,На прогулке,(песочница карусель сад лес тропинка тротуар солнечно качели фонтан),0,
15,walk,На прогулке /+шум дождя/,(парк горка качели площадка мяч игрушки),50,rain
16,walk,На прогулке /+шум дождя/,(качели самокат прятки мел сачок покрывало),50,rain
17,walk,На прогулке /+шум дождя/,(дорога тротуар переход светофор знак зебра),50,rain
18,walk,На прогулке /+шум дождя/,(играет идёт бежит едет катается прогуливается),50,rain
19,walk,На прогулке /+шум дождя/,(дует светит льёт опадает кружит тает),50,rain
20,walk,На прогулке /+шум дождя/,(прыгает рисует прячется ищет ловит съезжает),50,rain
21,walk,На прогулке /+шум дождя/,(светло хмуро пасмурно солнечно дождливо ясно),50,rain
22,walk,На прогулке /+шум дождя/,(сквер проспект площадь памятник река озеро),50,rain
23,walk,На прогулке /+шум дождя/,(заря мгла штиль водоём водохранилище водопад лесопарк фонтан метр),50,rain
24,walk,На прогулке /+шум дождя/,(моросит заливает заносит восходит заходит сияет переливается гремит ясно),50,rain
25,walk,На прогулке /+шум дождя/,(песочница карусель сад лес тропинка тротуар солнечно качели фонтан),50,rain
1,weather,Погода,(солнце луна звезда),0,
2,weather,Погода,(погода лёд снегопад),0,
3,weather,Погода,(лёд снегопад иней),0,
4,weather,Погода,(солнце луна звезда туча облако дождь),0,
5,weather,Погода,(гром молния ветер снег лужа листопад),0,
6,weather,Погода,(погода лёд снегопад иней метель гололёд),0,
7,weather,Погода,(ливень непогода сырость гроза радуга туман),0,
8,weather,Погода,(мороз вьюга стужа сугроб заморозки град),0,
9,weather,Погода,(тепло холод проталины паводок роса грязь),0,
10,weather,Погода,(засуха наводнение жара затмение ураган пожар),0,
11,weather,Погода,(температура восход закат облачность влажность осадки),0,
12,weather,Погода,(гремит светит льёт дует шумит замерзает),0,
13,weather,Погода,(шторм зной антициклон лавина смерч цунами землетрясение циклон буря),0,
14,weather,Погода,(пурга давление ненастье паводок изморозь слякоть ледоход спячка лавина),0,
15,weather,Погода /+шум дождя/,(солнце луна звезда туча облако дождь),50,rain
16,weather,Погода /+шум дождя/,(гром молния ветер снег лужа листопад),50,rain
17,weather,Погода /+шум дождя/,(погода лёд снегопад иней метель гололёд),50,rain
18,weather,Погода /+шум дождя/,(ливень непогода сырость гроза радуга туман),50,rain
19,weather,Погода /+шум дождя/,(мороз вьюга стужа сугроб заморозки град),50,rain
20,weather,Погода /+шум дождя/,(тепло холод проталины паводок роса грязь),50,rain
21,weather,Погода /+шум дождя/,(засуха наводнение жара затмение ураган пожар),50,rain
22,weather,Погода /+шум дождя/,(температура восход закат облачность влажность осадки),50,rain
23,weather,Погода /+шум дождя/,(гремит светит льёт дует шумит замерзает),50,rain
24,weather,Погода /+шум дождя/,(шторм зной антициклон лавина смерч цунами землетрясение циклон буря),50,rain
25,weather,Погода /+шум дождя/,(пурга давление ненастье паводок изморозь слякоть ледоход спячка лавина),50,rain
1,future,Стану кем хочу,(врач моряк продавец),0,
2,future,Стану кем хочу,(клоун лётчик ветеринар),0,
3,future,Стану кем хочу,(пилот балерина садовник),0,
4,future,Стану кем хочу,(врач моряк продавец повар водитель учитель),0,
5,future,Стану кем хочу,(клоун лётчик ветеринар рыбак швея продавец),0,
6,future,Стану кем хочу,(пилот балерина садовник таксист дворник милиционер),0,
7,future,Стану кем хочу,(судья доярка строитель кассир лесник пожарный),0,
8,future,Стану кем хочу,(артист почтальон воспитатель маляр директор машинист),0,
9,future,Стану кем хочу,(фермер медсестра парикмахер мясник охранник фотограф),0,
10,future,Стану кем хочу,(хирург охранник логопед лифтер писатель бухгалтер),0,
11,future,Стану кем хочу,(актер хоккеист каменщик бармен космонавт тракторист),0,
12,future,Стану кем хочу,(лечить учить строить продавать играть создавать),0,
13,future,Стану кем хочу,(менеджер сурдопедагог журналист программист модельер официант стоматолог автослесарь архитектор),0,
14,future,Стану кем хочу,(видеооператор фармацевт дизайнер стюардесса инженер прораб бизнесмен режиссер ревизор),0,
15,future,Стану кем хочу /+голоса/,(врач моряк продавец повар водитель учитель),50,voices
16,future,Стану кем хочу /+голоса/,(клоун лётчик ветеринар рыбак швея продавец),50,voices
17,future,Стану кем хочу /+голоса/,(пилот балерина садовник таксист дворник милиционер),50,voices
18,future,Стану кем хочу /+голоса/,(судья доярка строитель кассир лесник пожарный),50,voices
19,future,Стану кем хочу /+голоса/,(артист почтальон воспитатель маляр директор машинист),50,voices
20,future,Стану кем хочу /+голоса/,(фермер медсестра парикмахер мясник охранник фотограф),50,voices
21,future,Стану кем хочу /+голоса/,(хирург охранник логопед лифтер писатель бухгалтер),50,voices
22,future,Стану кем хочу /+голоса/,(актер хоккеист каменщик бармен космонавт тракторист),50,voices
23,future,Стану кем хочу /+голоса/,(лечить учить строить продавать играть создавать),50,voices
24,future,Стану кем хочу /+голоса/,(менеджер сурдопедагог журналист программист модельер официант стоматолог автослесарь архитектор),50,voices
25,future,Стану кем хочу /+голоса/,(видеооператор фармацевт дизайнер стюардесса инженер прораб бизнесмен режиссер ревизор),50,voices
1,body,Тело человека,(нос тело голова),0,
2,body,Тело человека,(ухо глаза живот),0,
3,body,Тело человека,(язык губа колено),0,
4,body,Тело человека,(нос тело волосы рот лицо голова),0,
5,body,Тело человека,(ухо глаза живот шея зубы спина),0,
6,body,Тело человека,(пуп рука локоть попа ноги плечо),0,
7,body,Тело человека,(язык губа колено лоб мышца ступня),0,
8,body,Тело человека,(веко бровь пальцы щёки кость ресницы),0,
9,body,Тело человека,(висок бедро ноготь усы горло грудь),0,
10,body,Тело человека,(кожа скулы подбородок талия голень сердце),0,
11,body,Тело человека,(череп ладонь затылок кулак пятка запястье),0,
12,body,Тело человека,(ощущать нюхать видеть слышать чувствовать идти),0,
13,body,Тело человека,(мозг печень ключица вена легкие челюсть кровь ноздри желудок),0,
14,body,Тело человека,(артерия икра лодыжка позвоночник скелет мышцы мизинец предплечье торс),0,
15,body,Тело человека /+малый шум/,(нос тело волосы рот лицо голова),6,
16,body,Тело человека /+малый шум/,(ухо глаза живот шея зубы спина),6,
17,body,Тело человека /+малый шум/,(пуп рука локоть попа ноги плечо),6,
18,body,Тело человека /+малый шум/,(язык губа колено лоб мышца ступня),6,
19,body,Тело человека /+малый шум/,(веко бровь пальцы щёки кость ресницы),6,
20,body,Тело человека /+малый шум/,(висок бедро ноготь усы горло грудь),6,
21,body,Тело человека /+малый шум/,(кожа скулы подбородок талия голень сердце),6,
22,body,Тело человека /+малый шум/,(череп ладонь затылок кулак пятка запястье),6,
23,body,Тело человека /+малый шум/,(ощущать нюхать видеть слышать чувствовать идти),6,
24,body,Тело человека /+малый шум/,(мозг печень ключица вена легкие челюсть кровь ноздри желудок),6,
25,body,Тело человека /+малый шум/,(артерия икра лодыжка позвоночник скелет мышцы мизинец предплечье торс),6,
26,body,Тело человека /+средний шум/,(нос тело волосы рот лицо голова),20,
27,body,Тело человека /+средний шум/,(ухо глаза живот шея зубы спина),20,
28,body,Тело человека /+средний шум/,(пуп рука локоть попа ноги плечо),20,
29,body,Тело человека /+средний шум/,(язык губа колено лоб мышца ступня),20,
30,body,Тело человека /+средний шум/,(веко бровь пальцы щёки кость ресницы),20,
31,body,Тело человека /+средний шум/,(висок бедро ноготь усы горло грудь),20,
32,body,Тело человека /+средний шум/,(кожа скулы подбородок талия голень сердце),20,
33,body,Тело человека /+средний шум/,(череп ладонь затылок кулак пятка запястье),20,
34,body,Тело человека /+средний шум/,(ощущать нюхать видеть слышать чувствовать идти),20,
35,body,Тело человека /+средний шум/,(мозг печень ключица вена легкие челюсть кровь ноздри желудок),20,
36,body,Тело человека /+средний шум/,(артерия икра лодыжка позвоночник скелет мышцы мизинец предплечье торс),20,
37,body,Тело человека /+тяжелый шум/,(нос тело волосы рот лицо голова),40,
38,body,Тело человека /+тяжелый шум/,(ухо глаза живот шея зубы спина),40,
39,body,Тело человека /+тяжелый шум/,(пуп рука локоть попа ноги плечо),40,
40,body,Тело человека /+тяжелый шум/,(язык губа колено лоб мышца ступня),40,
41,body,Тело человека /+тяжелый шум/,(веко бровь пальцы щёки кость ресницы),40,
42,body,Тело человека /+тяжелый шум/,(висок бедро ноготь усы горло грудь),40,
43,body,Тело человека /+тяжелый шум/,(кожа скулы подбородок талия голень сердце),40,
44,body,Тело человека /+тяжелый шум/,(череп ладонь затылок кулак пятка запястье),40,
45,body,Тело человека /+тяжелый шум/,(ощущать нюхать видеть слышать чувствовать идти),40,
46,body,Тело человека /+тяжелый шум/,(мозг печень ключица вена легкие челюсть кровь ноздри желудок),40,
47,body,Тело человека /+тяжелый шум/,(артерия икра лодыжка позвоночник скелет мышцы мизинец предплечье торс),40,
1,game,Развлечения,(кино парк рисование),0,
2,game,Развлечения,(цирк баня самокат),0,
3,game,Развлечения,(кафе мяч зоопарк),0,
4,game,Развлечения,(кино книга коньки парк лыжи рисование),0,
5,game,Развлечения,(цирк баня шашки лото йога самокат),0,
6,game,Развлечения,(кафе мяч музей ролики танцы зоопарк),0,
7,game,Развлечения,(пазлы каток футбол санки игра бассейн),0,
8,game,Развлечения,(театр теннис вязание хор бинго вышивание),0,
9,game,Развлечения,(шоу секция концерт бег аквапарк велосипед),0,
10,game,Развлечения,(пение беговел выставка чтение воркаут телевизор),0,
11,game,Развлечения,(тир музыка программа шитьё гости экскурсия),0,
12,game,Развлечения,(петь танцевать стрелять кататься смотреть развлекаться),0,
13,game,Развлечения,(ипподром поэзия библиотека хобби казино вечеринка опера викторина самодеятельность),0,
14,game,Развлечения,(отпуск кинофильм аттракцион сериал искусство кроссворд досуг ресторан дискотека),0,
15,game,Развлечения /+шум города/,(кино книга коньки парк лыжи рисование),50,city
16,game,Развлечения /+шум города/,(цирк баня шашки лото йога самокат),50,city
17,game,Развлечения /+шум города/,(кафе мяч музей ролики танцы зоопарк),50,city
18,game,Развлечения /+шум города/,(пазлы каток футбол санки игра бассейн),50,city
19,game,Развлечения /+шум города/,(театр теннис вязание хор бинго вышивание),50,city
20,game,Развлечения /+шум города/,(шоу секция концерт бег аквапарк велосипед),50,city
21,game,Развлечения /+шум города/,(пение беговел выставка чтение воркаут телевизор),50,city
22,game,Развлечения /+шум города/,(тир музыка программа шитьё гости экскурсия),50,city
23,game,Развлечения /+шум города/,(петь танцевать стрелять кататься смотреть развлекаться),50,city
24,game,Развлечения /+шум города/,(ипподром поэзия библиотека хобби казино вечеринка опера викторина самодеятельность),50,city
25,game,Развлечения /+шум города/,(отпуск кинофильм аттракцион сериал искусство кроссворд досуг ресторан дискотека),50,city
1,adventure,Путешествия,(лес море дорога),0,
2,adventure,Путешествия,(горы автобус самолёт),0,
3,adventure,Путешествия,(пляж поезд пароход),0,
4,adventure,Путешествия,(лес машина деревня море город дорога),0,
5,adventure,Путешествия,(горы автобус самолёт река озеро лес),0,
6,adventure,Путешествия,(пляж поезд пароход билет костёр велосипед),0,
7,adventure,Путешествия,(порт отдых палатка яхта багаж путь),0,
8,adventure,Путешествия,(замок мотоцикл вокал волна загар беседка),0,
9,adventure,Путешествия,(паром взлёт пикник рюкзак бензин приземление),0,
10,adventure,Путешествия,(такси чемодан проводник страна валюта открытка),0,
11,adventure,Путешествия,(юг жара гостиница карта граница аэропорт),0,
12,adventure,Путешествия,(покупать путешествовать загорать плыть ехать заселяться),0,
13,adventure,Путешествия,(курорт отель загар остров развлечение туризм сувенир агентство путешествие),0,
14,adventure,Путешествия,(экотуризм авиакасса автостоп санаторий лагерь достопримечательность альпинизм таможня жара),0,
15,adventure,Путешествия /+шум города/,(лес машина деревня море город дорога),50,city
16,adventure,Путешествия /+шум города/,(горы автобус самолёт река озеро лес),50,city
17,adventure,Путешествия /+шум города/,(пляж поезд пароход билет костёр велосипед),50,city
18,adventure,Путешествия /+шум города/,(порт отдых палатка яхта багаж путь),50,city
19,adventure,Путешествия /+шум города/,(замок мотоцикл вокал волна загар беседка),50,city
20,adventure,Путешествия /+шум города/,(паром взлёт пикник рюкзак бензин приземление),50,city
21,adventure,Путешествия /+шум города/,(такси чемодан проводник страна валюта открытка),50,city
22,adventure,Путешествия /+шум города/,(юг жара гостиница карта граница аэропорт),50,city
23,adventure,Путешествия /+шум города/,(покупать путешествовать загорать плыть ехать заселяться),50,city
24,adventure,Путешествия /+шум города/,(курорт отель загар остров развлечение туризм сувенир агентство путешествие),50,city
25,adventure,Путешествия /+шум города/,(экотуризм авиакасса автостоп санаторий лагерь достопримечательность альпинизм таможня жара),50,city
1,hospital,В больнице,(лекарство врач укол),0,
2,hospital,В больнице,(халат гипс перелом),0,
3,hospital,В больнице,(медсестра костыль шприц),0,
4,hospital,В больнице,(лекарство врач больной укол таблетка аптека),0,
5,hospital,В больнице,(халат гипс сыпь перелом пилюли сироп),0,
6,hospital,В больнице,(медсестра костыль инъекция шприц анализы карточка),0,
7,hospital,В больнице,(поликлиника больница медбрат порез сыпь растяжение),0,
8,hospital,В больнице,(аудиограмма сурдолог кардиограмма рентген кровь моча),0,
9,hospital,В больнице,(окулист хирург перевязка бинт вата шприц),0,
10,hospital,В больнице,(инфекция давление снимок очередь палата аптека),0,
11,hospital,В больнице,(витамины микстура капли мазь крем перевязка),0,
12,hospital,В больнице,(заболел поправилась лечиться измерить закапать заболела),0,
13,hospital,В больнице,(ортопед физиотерапевт очки линзы аудиолог логопед тонометр кардиолог терапевт),0,
14,hospital,В больнице,(педиатр роддом обезболивание УЗИ насморк ангина отит обезболивание сердцебиение),0,
15,hospital,В больнице /+голоса/,(лекарство врач больной укол таблетка аптека),50,voices
16,hospital,В больнице /+голоса/,(халат гипс сыпь перелом пилюли сироп),50,voices
17,hospital,В больнице /+голоса/,(медсестра костыль инъекция шприц анализы карточка),50,voices
18,hospital,В больнице /+голоса/,(поликлиника больница медбрат порез сыпь растяжение),50,voices
19,hospital,В больнице /+голоса/,(аудиограмма сурдолог кардиограмма рентген кровь моча),50,voices
20,hospital,В больнице /+голоса/,(окулист хирург перевязка бинт вата шприц),50,voices
21,hospital,В больнице /+голоса/,(инфекция давление снимок очередь палата аптека),50,voices
22,hospital,В больнице /+голоса/,(витамины микстура капли мазь крем перевязка),50,voices
23,hospital,В больнице /+голоса/,(заболел поправилась лечиться измерить закапать заболела),50,voices
24,hospital,В больнице /+голоса/,(ортопед физиотерапевт очки линзы аудиолог логопед тонометр кардиолог терапевт),50,voices
25,hospital,В больнице /+голоса/,(педиатр роддом обезболивание УЗИ насморк ангина отит обезболивание сердцебиение),50,voices
1,feelings,Что я чувствую,(радость счастье усталость),0,
2,feelings,Что я чувствую,(холод тепло голод),0,
3,feelings,Что я чувствую,(удивление уверенность гнев),0,
4,feelings,Что я чувствую,(радость злость счастье усталость страх обида),0,
5,feelings,Что я чувствую,(холод тепло голод сытость сырость сухость),0,
6,feelings,Что я чувствую,(удивление уверенность гнев отвращение болезненность грусть),0,
7,feelings,Что я чувствую,(заинтересованность грусть наслаждение агрессивность замешательство шок),0,
8,feelings,Что я чувствую,(удовольствие одиночество задумчивость недоверчивость сомнение стыд),0,
9,feelings,Что я чувствую,(благодарность хитрость любовь мечтательность симпатия интерес),0,
10,feelings,Что я чувствую,(самодовольство надежда неуверенность утомление ярость доброжелательность),0,
11,feelings,Что я чувствую,(восторг вина жалость равнодушие стеснительность зависть),0,
12,feelings,Что я чувствую,(люблю нравится ненавижу хотеть радуюсь тоскую),0,
13,feelings,Что я чувствую,(обожание ужас паника облегчение коварство сосредоточенность облегчение смущение озарение),0,
14,feelings,Что я чувствую,(разочарование горе тоска печаль огорчение настороженность спокойствие решимость ликование),0,
15,feelings,Что я чувствую /+малый шум/,(радость злость счастье усталость страх обида),6,
16,feelings,Что я чувствую /+малый шум/,(холод тепло голод сытость сырость сухость),6,
17,feelings,Что я чувствую /+малый шум/,(удивление уверенность гнев отвращение болезненность грусть),6,
18,feelings,Что я чувствую /+малый шум/,(заинтересованность грусть наслаждение агрессивность замешательство шок),6,
19,feelings,Что я чувствую /+малый шум/,(удовольствие одиночество задумчивость недоверчивость сомнение стыд),6,
20,feelings,Что я чувствую /+малый шум/,(благодарность хитрость любовь мечтательность симпатия интерес),6,
21,feelings,Что я чувствую /+малый шум/,(самодовольство надежда неуверенность утомление ярость доброжелательность),6,
22,feelings,Что я чувствую /+малый шум/,(восторг вина жалость равнодушие стеснительность зависть),6,
23,feelings,Что я чувствую /+малый шум/,(люблю нравится ненавижу хотеть радуюсь тоскую),6,
24,feelings,Что я чувствую /+малый шум/,(обожание ужас паника облегчение коварство сосредоточенность облегчение смущение озарение),6,
25,feelings,Что я чувствую /+малый шум/,(разочарование горе тоска печаль огорчение настороженность спокойствие решимость ликование),6,
26,feelings,Что я чувствую /+средний шум/,(радость злость счастье усталость страх обида),20,
27,feelings,Что я чувствую /+средний шум/,(холод тепло голод сытость сырость сухость),20,
28,feelings,Что я чувствую /+средний шум/,(удивление уверенность гнев отвращение болезненность грусть),20,
29,feelings,Что я чувствую /+средний шум/,(заинтересованность грусть наслаждение агрессивность замешательство шок),20,
30,feelings,Что я чувствую /+средний шум/,(удовольствие одиночество задумчивость недоверчивость сомнение стыд),20,
31,feelings,Что я чувствую /+средний шум/,(благодарность хитрость любовь мечтательность симпатия интерес),20,
32,feelings,Что я чувствую /+средний шум/,(самодовольство надежда неуверенность утомление ярость доброжелательность),20,
33,feelings,Что я чувствую /+средний шум/,(восторг вина жалость равнодушие стеснительность зависть),20,
34,feelings,Что я чувствую /+средний шум/,(люблю нравится ненавижу хотеть радуюсь тоскую),20,
35,feelings,Что я чувствую /+средний шум/,(обожание ужас паника облегчение коварство сосредоточенность облегчение смущение озарение),20,
36,feelings,Что я чувствую /+средний шум/,(разочарование горе тоска печаль огорчение настороженность спокойствие решимость ликование),20,
37,feelings,Что я чувствую /+тяжелый шум/,(радость злость счастье усталость страх обида),40,
38,feelings,Что я чувствую /+тяжелый шум/,(холод тепло голод сытость сырость сухость),40,
39,feelings,Что я чувствую /+тяжелый шум/,(удивление уверенность гнев отвращение болезненность),40,
40,feelings,Что я чувствую /+тяжелый шум/,(заинтересованность грусть наслаждение агрессивность замешательство шок),40,
41,feelings,Что я чувствую /+тяжелый шум/,(удовольствие одиночество задумчивость недоверчивость сомнение стыд),40,
42,feelings,Что я чувствую /+тяжелый шум/,(благодарность хитрость любовь мечтательность симпатия интерес),40,
43,feelings,Что я чувствую /+тяжелый шум/,(самодовольство надежда неуверенность утомление ярость доброжелательность),40,
44,feelings,Что я чувствую /+тяжелый шум/,(восторг вина жалость равнодушие стеснительность зависть),40,
45,feelings,Что я чувствую /+тяжелый шум/,(люблю нравится ненавижу хотеть радуюсь тоскую),40,
46,feelings,Что я чувствую /+тяжелый шум/,(обожание ужас паника облегчение коварство сосредоточенность облегчение смущение озарение),40,
47,feelings,Что я чувствую /+тяжелый шум/,(разочарование горе тоска печаль огорчение настороженность спокойствие решимость ликование),40,
